StartDevice,StartPort,EndDevice,EndPort,BandWidth,VlanID,VlanMode,AutoNeg
fanout_leaf06,Ethernet0,upscalelab2-spine6,Ethernet0,100000,100,Access,on
fanout_leaf06,Ethernet1,upscalelab2-spine6,Ethernet1,100000,101,Access,on
fanout_leaf06,Ethernet2,upscalelab2-spine6,Ethernet2,100000,102,Access,on
fanout_leaf06,Ethernet3,upscalelab2-spine6,Ethernet3,100000,103,Access,on
fanout_leaf06,Ethernet4,upscalelab2-spine6,Ethernet4,100000,104,Access,on
fanout_leaf06,Ethernet5,upscalelab2-spine6,Ethernet5,100000,105,Access,on
fanout_leaf06,Ethernet6,upscalelab2-spine6,Ethernet6,100000,106,Access,on
fanout_leaf06,Ethernet7,upscalelab2-spine6,Ethernet7,100000,107,Access,on
fanout_leaf06,Ethernet16,upscalelab2-spine6,Ethernet16,100000,108,Access,on
fanout_leaf06,Ethernet17,upscalelab2-spine6,Ethernet17,100000,109,Access,on
fanout_leaf06,Ethernet18,upscalelab2-spine6,Ethernet18,100000,110,Access,on
fanout_leaf06,Ethernet19,upscalelab2-spine6,Ethernet19,100000,111,Access,on
fanout_leaf06,Ethernet20,upscalelab2-spine6,Ethernet20,100000,112,Access,on
fanout_leaf06,Ethernet21,upscalelab2-spine6,Ethernet21,100000,113,Access,on
fanout_leaf06,Ethernet22,upscalelab2-spine6,Ethernet22,100000,114,Access,on
fanout_leaf06,Ethernet23,upscalelab2-spine6,Ethernet23,100000,115,Access,on
fanout_leaf06,Ethernet32,upscalelab2-spine6,Ethernet32,100000,116,Access,on
fanout_leaf06,Ethernet33,upscalelab2-spine6,Ethernet33,100000,117,Access,on
fanout_leaf06,Ethernet34,upscalelab2-spine6,Ethernet34,100000,118,Access,on
fanout_leaf06,Ethernet35,upscalelab2-spine6,Ethernet35,100000,119,Access,on
fanout_leaf06,Ethernet36,upscalelab2-spine6,Ethernet36,100000,120,Access,on
fanout_leaf06,Ethernet37,upscalelab2-spine6,Ethernet37,100000,121,Access,on
fanout_leaf06,Ethernet38,upscalelab2-spine6,Ethernet38,100000,122,Access,on
fanout_leaf06,Ethernet39,upscalelab2-spine6,Ethernet39,100000,123,Access,on
fanout_leaf06,Ethernet48,upscalelab2-spine6,Ethernet48,100000,124,Access,on
fanout_leaf06,Ethernet49,upscalelab2-spine6,Ethernet49,100000,125,Access,on
fanout_leaf06,Ethernet50,upscalelab2-spine6,Ethernet50,100000,126,Access,on
fanout_leaf06,Ethernet51,upscalelab2-spine6,Ethernet51,100000,127,Access,on
fanout_leaf06,Ethernet52,upscalelab2-spine6,Ethernet52,100000,128,Access,on
fanout_leaf06,Ethernet53,upscalelab2-spine6,Ethernet53,100000,129,Access,on
fanout_leaf06,Ethernet54,upscalelab2-spine6,Ethernet54,100000,130,Access,on
fanout_leaf06,Ethernet55,upscalelab2-spine6,Ethernet55,100000,131,Access,on
fanout_leaf06,Ethernet512,str-acs-serv-06,ens25f0np0,25000,100-131,Trunk,on
fanout_leaf07,Ethernet0,upscalelab2-spine7,Ethernet0,100000,100,Access,on
fanout_leaf07,Ethernet1,upscalelab2-spine7,Ethernet1,100000,101,Access,on
fanout_leaf07,Ethernet2,upscalelab2-spine7,Ethernet2,100000,102,Access,on
fanout_leaf07,Ethernet3,upscalelab2-spine7,Ethernet3,100000,103,Access,on
fanout_leaf07,Ethernet4,upscalelab2-spine7,Ethernet4,100000,104,Access,on
fanout_leaf07,Ethernet5,upscalelab2-spine7,Ethernet5,100000,105,Access,on
fanout_leaf07,Ethernet6,upscalelab2-spine7,Ethernet6,100000,106,Access,on
fanout_leaf07,Ethernet7,upscalelab2-spine7,Ethernet7,100000,107,Access,on
fanout_leaf07,Ethernet16,upscalelab2-spine7,Ethernet16,100000,108,Access,on
fanout_leaf07,Ethernet17,upscalelab2-spine7,Ethernet17,100000,109,Access,on
fanout_leaf07,Ethernet18,upscalelab2-spine7,Ethernet18,100000,110,Access,on
fanout_leaf07,Ethernet19,upscalelab2-spine7,Ethernet19,100000,111,Access,on
fanout_leaf07,Ethernet20,upscalelab2-spine7,Ethernet20,100000,112,Access,on
fanout_leaf07,Ethernet21,upscalelab2-spine7,Ethernet21,100000,113,Access,on
fanout_leaf07,Ethernet22,upscalelab2-spine7,Ethernet22,100000,114,Access,on
fanout_leaf07,Ethernet23,upscalelab2-spine7,Ethernet23,100000,115,Access,on
fanout_leaf07,Ethernet32,upscalelab2-spine7,Ethernet32,100000,116,Access,on
fanout_leaf07,Ethernet33,upscalelab2-spine7,Ethernet33,100000,117,Access,on
fanout_leaf07,Ethernet34,upscalelab2-spine7,Ethernet34,100000,118,Access,on
fanout_leaf07,Ethernet35,upscalelab2-spine7,Ethernet35,100000,119,Access,on
fanout_leaf07,Ethernet36,upscalelab2-spine7,Ethernet36,100000,120,Access,on
fanout_leaf07,Ethernet37,upscalelab2-spine7,Ethernet37,100000,121,Access,on
fanout_leaf07,Ethernet38,upscalelab2-spine7,Ethernet38,100000,122,Access,on
fanout_leaf07,Ethernet39,upscalelab2-spine7,Ethernet39,100000,123,Access,on
fanout_leaf07,Ethernet48,upscalelab2-spine7,Ethernet48,100000,124,Access,on
fanout_leaf07,Ethernet49,upscalelab2-spine7,Ethernet49,100000,125,Access,on
fanout_leaf07,Ethernet50,upscalelab2-spine7,Ethernet50,100000,126,Access,on
fanout_leaf07,Ethernet51,upscalelab2-spine7,Ethernet51,100000,127,Access,on
fanout_leaf07,Ethernet52,upscalelab2-spine7,Ethernet52,100000,128,Access,on
fanout_leaf07,Ethernet53,upscalelab2-spine7,Ethernet53,100000,129,Access,on
fanout_leaf07,Ethernet54,upscalelab2-spine7,Ethernet54,100000,130,Access,on
fanout_leaf07,Ethernet55,upscalelab2-spine7,Ethernet55,100000,131,Access,on
fanout_leaf07,Ethernet512,str-acs-serv-07,ens25f1np1,25000,100-131,Trunk,on
fanout_leaf08,Ethernet0,upscalelab2-spine8,Ethernet0,100000,100,Access,on
fanout_leaf08,Ethernet1,upscalelab2-spine8,Ethernet1,100000,101,Access,on
fanout_leaf08,Ethernet2,upscalelab2-spine8,Ethernet2,100000,102,Access,on
fanout_leaf08,Ethernet3,upscalelab2-spine8,Ethernet3,100000,103,Access,on
fanout_leaf08,Ethernet4,upscalelab2-spine8,Ethernet4,100000,104,Access,on
fanout_leaf08,Ethernet5,upscalelab2-spine8,Ethernet5,100000,105,Access,on
fanout_leaf08,Ethernet6,upscalelab2-spine8,Ethernet6,100000,106,Access,on
fanout_leaf08,Ethernet7,upscalelab2-spine8,Ethernet7,100000,107,Access,on
fanout_leaf08,Ethernet16,upscalelab2-spine8,Ethernet16,100000,108,Access,on
fanout_leaf08,Ethernet17,upscalelab2-spine8,Ethernet17,100000,109,Access,on
fanout_leaf08,Ethernet18,upscalelab2-spine8,Ethernet18,100000,110,Access,on
fanout_leaf08,Ethernet19,upscalelab2-spine8,Ethernet19,100000,111,Access,on
fanout_leaf08,Ethernet20,upscalelab2-spine8,Ethernet20,100000,112,Access,on
fanout_leaf08,Ethernet21,upscalelab2-spine8,Ethernet21,100000,113,Access,on
fanout_leaf08,Ethernet22,upscalelab2-spine8,Ethernet22,100000,114,Access,on
fanout_leaf08,Ethernet23,upscalelab2-spine8,Ethernet23,100000,115,Access,on
fanout_leaf08,Ethernet32,upscalelab2-spine8,Ethernet32,100000,116,Access,on
fanout_leaf08,Ethernet33,upscalelab2-spine8,Ethernet33,100000,117,Access,on
fanout_leaf08,Ethernet34,upscalelab2-spine8,Ethernet34,100000,118,Access,on
fanout_leaf08,Ethernet35,upscalelab2-spine8,Ethernet35,100000,119,Access,on
fanout_leaf08,Ethernet36,upscalelab2-spine8,Ethernet36,100000,120,Access,on
fanout_leaf08,Ethernet37,upscalelab2-spine8,Ethernet37,100000,121,Access,on
fanout_leaf08,Ethernet38,upscalelab2-spine8,Ethernet38,100000,122,Access,on
fanout_leaf08,Ethernet39,upscalelab2-spine8,Ethernet39,100000,123,Access,on
fanout_leaf08,Ethernet48,upscalelab2-spine8,Ethernet48,100000,124,Access,on
fanout_leaf08,Ethernet49,upscalelab2-spine8,Ethernet49,100000,125,Access,on
fanout_leaf08,Ethernet50,upscalelab2-spine8,Ethernet50,100000,126,Access,on
fanout_leaf08,Ethernet51,upscalelab2-spine8,Ethernet51,100000,127,Access,on
fanout_leaf08,Ethernet52,upscalelab2-spine8,Ethernet52,100000,128,Access,on
fanout_leaf08,Ethernet53,upscalelab2-spine8,Ethernet53,100000,129,Access,on
fanout_leaf08,Ethernet54,upscalelab2-spine8,Ethernet54,100000,130,Access,on
fanout_leaf08,Ethernet55,upscalelab2-spine8,Ethernet55,100000,131,Access,on
fanout_leaf08,Ethernet512,str-acs-serv-08,ens25f1,25000,100-131,Trunk,on
fanout_leaf09,Ethernet0,upscalelab2-spine9,Ethernet0,100000,100,Access,on
fanout_leaf09,Ethernet1,upscalelab2-spine9,Ethernet1,100000,101,Access,on
fanout_leaf09,Ethernet2,upscalelab2-spine9,Ethernet2,100000,102,Access,on
fanout_leaf09,Ethernet3,upscalelab2-spine9,Ethernet3,100000,103,Access,on
fanout_leaf09,Ethernet4,upscalelab2-spine9,Ethernet4,100000,104,Access,on
fanout_leaf09,Ethernet5,upscalelab2-spine9,Ethernet5,100000,105,Access,on
fanout_leaf09,Ethernet6,upscalelab2-spine9,Ethernet6,100000,106,Access,on
fanout_leaf09,Ethernet7,upscalelab2-spine9,Ethernet7,100000,107,Access,on
fanout_leaf09,Ethernet16,upscalelab2-spine9,Ethernet16,100000,108,Access,on
fanout_leaf09,Ethernet17,upscalelab2-spine9,Ethernet17,100000,109,Access,on
fanout_leaf09,Ethernet18,upscalelab2-spine9,Ethernet18,100000,110,Access,on
fanout_leaf09,Ethernet19,upscalelab2-spine9,Ethernet19,100000,111,Access,on
fanout_leaf09,Ethernet20,upscalelab2-spine9,Ethernet20,100000,112,Access,on
fanout_leaf09,Ethernet21,upscalelab2-spine9,Ethernet21,100000,113,Access,on
fanout_leaf09,Ethernet22,upscalelab2-spine9,Ethernet22,100000,114,Access,on
fanout_leaf09,Ethernet23,upscalelab2-spine9,Ethernet23,100000,115,Access,on
fanout_leaf09,Ethernet32,upscalelab2-spine9,Ethernet32,100000,116,Access,on
fanout_leaf09,Ethernet33,upscalelab2-spine9,Ethernet33,100000,117,Access,on
fanout_leaf09,Ethernet34,upscalelab2-spine9,Ethernet34,100000,118,Access,on
fanout_leaf09,Ethernet35,upscalelab2-spine9,Ethernet35,100000,119,Access,on
fanout_leaf09,Ethernet36,upscalelab2-spine9,Ethernet36,100000,120,Access,on
fanout_leaf09,Ethernet37,upscalelab2-spine9,Ethernet37,100000,121,Access,on
fanout_leaf09,Ethernet38,upscalelab2-spine9,Ethernet38,100000,122,Access,on
fanout_leaf09,Ethernet39,upscalelab2-spine9,Ethernet39,100000,123,Access,on
fanout_leaf09,Ethernet48,upscalelab2-spine9,Ethernet48,100000,124,Access,on
fanout_leaf09,Ethernet49,upscalelab2-spine9,Ethernet49,100000,125,Access,on
fanout_leaf09,Ethernet50,upscalelab2-spine9,Ethernet50,100000,126,Access,on
fanout_leaf09,Ethernet51,upscalelab2-spine9,Ethernet51,100000,127,Access,on
fanout_leaf09,Ethernet52,upscalelab2-spine9,Ethernet52,100000,128,Access,on
fanout_leaf09,Ethernet53,upscalelab2-spine9,Ethernet53,100000,129,Access,on
fanout_leaf09,Ethernet54,upscalelab2-spine9,Ethernet54,100000,130,Access,on
fanout_leaf09,Ethernet55,upscalelab2-spine9,Ethernet55,100000,131,Access,on
fanout_leaf09,Ethernet512,str-acs-serv-09,ens25f0,25000,100-131,Trunk,on
fanout10,Ethernet0,spine10,Ethernet0,100000,100,Access,on
fanout10,Ethernet1,spine10,Ethernet1,100000,101,Access,on
fanout10,Ethernet2,spine10,Ethernet2,100000,102,Access,on
fanout10,Ethernet3,spine10,Ethernet3,100000,103,Access,on
fanout10,Ethernet4,spine10,Ethernet4,100000,104,Access,on
fanout10,Ethernet5,spine10,Ethernet5,100000,105,Access,on
fanout10,Ethernet6,spine10,Ethernet6,100000,106,Access,on
fanout10,Ethernet7,spine10,Ethernet7,100000,107,Access,on
fanout10,Ethernet16,spine10,Ethernet16,100000,108,Access,on
fanout10,Ethernet17,spine10,Ethernet17,100000,109,Access,on
fanout10,Ethernet18,spine10,Ethernet18,100000,110,Access,on
fanout10,Ethernet19,spine10,Ethernet19,100000,111,Access,on
fanout10,Ethernet20,spine10,Ethernet20,100000,112,Access,on
fanout10,Ethernet21,spine10,Ethernet21,100000,113,Access,on
fanout10,Ethernet22,spine10,Ethernet22,100000,114,Access,on
fanout10,Ethernet23,spine10,Ethernet23,100000,115,Access,on
fanout10,Ethernet32,spine10,Ethernet32,100000,116,Access,on
fanout10,Ethernet33,spine10,Ethernet33,100000,117,Access,on
fanout10,Ethernet34,spine10,Ethernet34,100000,118,Access,on
fanout10,Ethernet35,spine10,Ethernet35,100000,119,Access,on
fanout10,Ethernet36,spine10,Ethernet36,100000,120,Access,on
fanout10,Ethernet37,spine10,Ethernet37,100000,121,Access,on
fanout10,Ethernet38,spine10,Ethernet38,100000,122,Access,on
fanout10,Ethernet39,spine10,Ethernet39,100000,123,Access,on
fanout10,Ethernet48,spine10,Ethernet48,100000,124,Access,on
fanout10,Ethernet49,spine10,Ethernet49,100000,125,Access,on
fanout10,Ethernet50,spine10,Ethernet50,100000,126,Access,on
fanout10,Ethernet51,spine10,Ethernet51,100000,127,Access,on
fanout10,Ethernet52,spine10,Ethernet52,100000,128,Access,on
fanout10,Ethernet53,spine10,Ethernet53,100000,129,Access,on
fanout10,Ethernet54,spine10,Ethernet54,100000,130,Access,on
fanout10,Ethernet55,spine10,Ethernet55,100000,131,Access,on
fanout10,Ethernet512,str-acs-serv-10,enp1s0f1,25000,100-131,Trunk,off
fanout10-800,Ethernet0,spine10-800,Ethernet0,800000,100,Access,on
fanout10-800,Ethernet8,spine10-800,Ethernet8,800000,101,Access,on
fanout10-800,Ethernet16,spine10-800,Ethernet16,800000,102,Access,on
fanout10-800,Ethernet24,spine10-800,Ethernet24,800000,103,Access,on
fanout10-800,Ethernet32,spine10-800,Ethernet32,800000,104,Access,on
fanout10-800,Ethernet40,spine10-800,Ethernet40,800000,105,Access,on
fanout10-800,Ethernet48,spine10-800,Ethernet48,800000,106,Access,on
fanout10-800,Ethernet56,spine10-800,Ethernet56,800000,107,Access,on
fanout10-800,Ethernet64,spine10-800,Ethernet64,800000,108,Access,on
fanout10-800,Ethernet72,spine10-800,Ethernet72,800000,109,Access,on
fanout10-800,Ethernet80,spine10-800,Ethernet80,800000,110,Access,on
fanout10-800,Ethernet88,spine10-800,Ethernet88,800000,111,Access,on
fanout10-800,Ethernet96,spine10-800,Ethernet96,800000,112,Access,on
fanout10-800,Ethernet104,spine10-800,Ethernet104,800000,113,Access,on
fanout10-800,Ethernet112,spine10-800,Ethernet112,800000,114,Access,on
fanout10-800,Ethernet120,spine10-800,Ethernet120,800000,115,Access,on
fanout10-800,Ethernet128,spine10-800,Ethernet128,800000,116,Access,on
fanout10-800,Ethernet136,spine10-800,Ethernet136,800000,117,Access,on
fanout10-800,Ethernet144,spine10-800,Ethernet144,800000,118,Access,on
fanout10-800,Ethernet152,spine10-800,Ethernet152,800000,119,Access,on
fanout10-800,Ethernet160,spine10-800,Ethernet160,800000,120,Access,on
fanout10-800,Ethernet168,spine10-800,Ethernet168,800000,121,Access,on
fanout10-800,Ethernet176,spine10-800,Ethernet176,800000,122,Access,on
fanout10-800,Ethernet184,spine10-800,Ethernet184,800000,123,Access,on
fanout10-800,Ethernet192,spine10-800,Ethernet192,800000,124,Access,on
fanout10-800,Ethernet200,spine10-800,Ethernet200,800000,125,Access,on
fanout10-800,Ethernet208,spine10-800,Ethernet208,800000,126,Access,on
fanout10-800,Ethernet216,spine10-800,Ethernet216,800000,127,Access,on
fanout10-800,Ethernet224,spine10-800,Ethernet224,800000,128,Access,on
fanout10-800,Ethernet232,spine10-800,Ethernet232,800000,129,Access,on
fanout10-800,Ethernet240,spine10-800,Ethernet240,800000,130,Access,on
fanout10-800,Ethernet248,spine10-800,Ethernet248,800000,131,Access,on
fanout10-800,Ethernet512,str-acs-serv-10,enp1s0f1,25000,100-131,Trunk,off
fanout_leaf06-800,Ethernet0,upscalelab2-spine6-800,Ethernet0,800000,100,Access,on
fanout_leaf06-800,Ethernet8,upscalelab2-spine6-800,Ethernet8,800000,101,Access,on
fanout_leaf06-800,Ethernet16,upscalelab2-spine6-800,Ethernet16,800000,102,Access,on
fanout_leaf06-800,Ethernet24,upscalelab2-spine6-800,Ethernet24,800000,103,Access,on
fanout_leaf06-800,Ethernet32,upscalelab2-spine6-800,Ethernet32,800000,104,Access,on
fanout_leaf06-800,Ethernet40,upscalelab2-spine6-800,Ethernet40,800000,105,Access,on
fanout_leaf06-800,Ethernet48,upscalelab2-spine6-800,Ethernet48,800000,106,Access,on
fanout_leaf06-800,Ethernet56,upscalelab2-spine6-800,Ethernet56,800000,107,Access,on
fanout_leaf06-800,Ethernet64,upscalelab2-spine6-800,Ethernet64,800000,108,Access,on
fanout_leaf06-800,Ethernet72,upscalelab2-spine6-800,Ethernet72,800000,109,Access,on
fanout_leaf06-800,Ethernet80,upscalelab2-spine6-800,Ethernet80,800000,110,Access,on
fanout_leaf06-800,Ethernet88,upscalelab2-spine6-800,Ethernet88,800000,111,Access,on
fanout_leaf06-800,Ethernet96,upscalelab2-spine6-800,Ethernet96,800000,112,Access,on
fanout_leaf06-800,Ethernet104,upscalelab2-spine6-800,Ethernet104,800000,113,Access,on
fanout_leaf06-800,Ethernet112,upscalelab2-spine6-800,Ethernet112,800000,114,Access,on
fanout_leaf06-800,Ethernet120,upscalelab2-spine6-800,Ethernet120,800000,115,Access,on
fanout_leaf06-800,Ethernet128,upscalelab2-spine6-800,Ethernet128,800000,116,Access,on
fanout_leaf06-800,Ethernet136,upscalelab2-spine6-800,Ethernet136,800000,117,Access,on
fanout_leaf06-800,Ethernet144,upscalelab2-spine6-800,Ethernet144,800000,118,Access,on
fanout_leaf06-800,Ethernet152,upscalelab2-spine6-800,Ethernet152,800000,119,Access,on
fanout_leaf06-800,Ethernet160,upscalelab2-spine6-800,Ethernet160,800000,120,Access,on
fanout_leaf06-800,Ethernet168,upscalelab2-spine6-800,Ethernet168,800000,121,Access,on
fanout_leaf06-800,Ethernet176,upscalelab2-spine6-800,Ethernet176,800000,122,Access,on
fanout_leaf06-800,Ethernet184,upscalelab2-spine6-800,Ethernet184,800000,123,Access,on
fanout_leaf06-800,Ethernet192,upscalelab2-spine6-800,Ethernet192,800000,124,Access,on
fanout_leaf06-800,Ethernet200,upscalelab2-spine6-800,Ethernet200,800000,125,Access,on
fanout_leaf06-800,Ethernet208,upscalelab2-spine6-800,Ethernet208,800000,126,Access,on
fanout_leaf06-800,Ethernet216,upscalelab2-spine6-800,Ethernet216,800000,127,Access,on
fanout_leaf06-800,Ethernet224,upscalelab2-spine6-800,Ethernet224,800000,128,Access,on
fanout_leaf06-800,Ethernet232,upscalelab2-spine6-800,Ethernet232,800000,129,Access,on
fanout_leaf06-800,Ethernet240,upscalelab2-spine6-800,Ethernet240,800000,130,Access,on
fanout_leaf06-800,Ethernet248,upscalelab2-spine6-800,Ethernet248,800000,131,Access,on
fanout_leaf06-800,Ethernet512,str-acs-serv-06,ens25f0np0,25000,100-131,Trunk,on
fanout_leaf07-800,Ethernet0,upscalelab2-spine7-800,Ethernet0,800000,100,Access,on
fanout_leaf07-800,Ethernet8,upscalelab2-spine7-800,Ethernet8,800000,101,Access,on
fanout_leaf07-800,Ethernet16,upscalelab2-spine7-800,Ethernet16,800000,102,Access,on
fanout_leaf07-800,Ethernet24,upscalelab2-spine7-800,Ethernet24,800000,103,Access,on
fanout_leaf07-800,Ethernet32,upscalelab2-spine7-800,Ethernet32,800000,104,Access,on
fanout_leaf07-800,Ethernet40,upscalelab2-spine7-800,Ethernet40,800000,105,Access,on
fanout_leaf07-800,Ethernet48,upscalelab2-spine7-800,Ethernet48,800000,106,Access,on
fanout_leaf07-800,Ethernet56,upscalelab2-spine7-800,Ethernet56,800000,107,Access,on
fanout_leaf07-800,Ethernet64,upscalelab2-spine7-800,Ethernet64,800000,108,Access,on
fanout_leaf07-800,Ethernet72,upscalelab2-spine7-800,Ethernet72,800000,109,Access,on
fanout_leaf07-800,Ethernet80,upscalelab2-spine7-800,Ethernet80,800000,110,Access,on
fanout_leaf07-800,Ethernet88,upscalelab2-spine7-800,Ethernet88,800000,111,Access,on
fanout_leaf07-800,Ethernet96,upscalelab2-spine7-800,Ethernet96,800000,112,Access,on
fanout_leaf07-800,Ethernet104,upscalelab2-spine7-800,Ethernet104,800000,113,Access,on
fanout_leaf07-800,Ethernet112,upscalelab2-spine7-800,Ethernet112,800000,114,Access,on
fanout_leaf07-800,Ethernet120,upscalelab2-spine7-800,Ethernet120,800000,115,Access,on
fanout_leaf07-800,Ethernet128,upscalelab2-spine7-800,Ethernet128,800000,116,Access,on
fanout_leaf07-800,Ethernet136,upscalelab2-spine7-800,Ethernet136,800000,117,Access,on
fanout_leaf07-800,Ethernet144,upscalelab2-spine7-800,Ethernet144,800000,118,Access,on
fanout_leaf07-800,Ethernet152,upscalelab2-spine7-800,Ethernet152,800000,119,Access,on
fanout_leaf07-800,Ethernet160,upscalelab2-spine7-800,Ethernet160,800000,120,Access,on
fanout_leaf07-800,Ethernet168,upscalelab2-spine7-800,Ethernet168,800000,121,Access,on
fanout_leaf07-800,Ethernet176,upscalelab2-spine7-800,Ethernet176,800000,122,Access,on
fanout_leaf07-800,Ethernet184,upscalelab2-spine7-800,Ethernet184,800000,123,Access,on
fanout_leaf07-800,Ethernet192,upscalelab2-spine7-800,Ethernet192,800000,124,Access,on
fanout_leaf07-800,Ethernet200,upscalelab2-spine7-800,Ethernet200,800000,125,Access,on
fanout_leaf07-800,Ethernet208,upscalelab2-spine7-800,Ethernet208,800000,126,Access,on
fanout_leaf07-800,Ethernet216,upscalelab2-spine7-800,Ethernet216,800000,127,Access,on
fanout_leaf07-800,Ethernet224,upscalelab2-spine7-800,Ethernet224,800000,128,Access,on
fanout_leaf07-800,Ethernet232,upscalelab2-spine7-800,Ethernet232,800000,129,Access,on
fanout_leaf07-800,Ethernet240,upscalelab2-spine7-800,Ethernet240,800000,130,Access,on
fanout_leaf07-800,Ethernet248,upscalelab2-spine7-800,Ethernet248,800000,131,Access,on
fanout_leaf07-800,Ethernet512,str-acs-serv-07,ens25f1np1,25000,100-131,Trunk,on
fanout_leaf08-800,Ethernet0,upscalelab2-spine8-800,Ethernet0,800000,100,Access,on
fanout_leaf08-800,Ethernet8,upscalelab2-spine8-800,Ethernet8,800000,101,Access,on
fanout_leaf08-800,Ethernet16,upscalelab2-spine8-800,Ethernet16,800000,102,Access,on
fanout_leaf08-800,Ethernet24,upscalelab2-spine8-800,Ethernet24,800000,103,Access,on
fanout_leaf08-800,Ethernet32,upscalelab2-spine8-800,Ethernet32,800000,104,Access,on
fanout_leaf08-800,Ethernet40,upscalelab2-spine8-800,Ethernet40,800000,105,Access,on
fanout_leaf08-800,Ethernet48,upscalelab2-spine8-800,Ethernet48,800000,106,Access,on
fanout_leaf08-800,Ethernet56,upscalelab2-spine8-800,Ethernet56,800000,107,Access,on
fanout_leaf08-800,Ethernet64,upscalelab2-spine8-800,Ethernet64,800000,108,Access,on
fanout_leaf08-800,Ethernet72,upscalelab2-spine8-800,Ethernet72,800000,109,Access,on
fanout_leaf08-800,Ethernet80,upscalelab2-spine8-800,Ethernet80,800000,110,Access,on
fanout_leaf08-800,Ethernet88,upscalelab2-spine8-800,Ethernet88,800000,111,Access,on
fanout_leaf08-800,Ethernet96,upscalelab2-spine8-800,Ethernet96,800000,112,Access,on
fanout_leaf08-800,Ethernet104,upscalelab2-spine8-800,Ethernet104,800000,113,Access,on
fanout_leaf08-800,Ethernet112,upscalelab2-spine8-800,Ethernet112,800000,114,Access,on
fanout_leaf08-800,Ethernet120,upscalelab2-spine8-800,Ethernet120,800000,115,Access,on
fanout_leaf08-800,Ethernet128,upscalelab2-spine8-800,Ethernet128,800000,116,Access,on
fanout_leaf08-800,Ethernet136,upscalelab2-spine8-800,Ethernet136,800000,117,Access,on
fanout_leaf08-800,Ethernet144,upscalelab2-spine8-800,Ethernet144,800000,118,Access,on
fanout_leaf08-800,Ethernet152,upscalelab2-spine8-800,Ethernet152,800000,119,Access,on
fanout_leaf08-800,Ethernet160,upscalelab2-spine8-800,Ethernet160,800000,120,Access,on
fanout_leaf08-800,Ethernet168,upscalelab2-spine8-800,Ethernet168,800000,121,Access,on
fanout_leaf08-800,Ethernet176,upscalelab2-spine8-800,Ethernet176,800000,122,Access,on
fanout_leaf08-800,Ethernet184,upscalelab2-spine8-800,Ethernet184,800000,123,Access,on
fanout_leaf08-800,Ethernet192,upscalelab2-spine8-800,Ethernet192,800000,124,Access,on
fanout_leaf08-800,Ethernet200,upscalelab2-spine8-800,Ethernet200,800000,125,Access,on
fanout_leaf08-800,Ethernet208,upscalelab2-spine8-800,Ethernet208,800000,126,Access,on
fanout_leaf08-800,Ethernet216,upscalelab2-spine8-800,Ethernet216,800000,127,Access,on
fanout_leaf08-800,Ethernet224,upscalelab2-spine8-800,Ethernet224,800000,128,Access,on
fanout_leaf08-800,Ethernet232,upscalelab2-spine8-800,Ethernet232,800000,129,Access,on
fanout_leaf08-800,Ethernet240,upscalelab2-spine8-800,Ethernet240,800000,130,Access,on
fanout_leaf08-800,Ethernet248,upscalelab2-spine8-800,Ethernet248,800000,131,Access,on
fanout_leaf08-800,Ethernet512,str-acs-serv-08,ens25f1,25000,100-131,Trunk,on
fanout_leaf09-800,Ethernet0,upscalelab2-spine9-800,Ethernet0,800000,100,Access,on
fanout_leaf09-800,Ethernet8,upscalelab2-spine9-800,Ethernet8,800000,101,Access,on
fanout_leaf09-800,Ethernet16,upscalelab2-spine9-800,Ethernet16,800000,102,Access,on
fanout_leaf09-800,Ethernet24,upscalelab2-spine9-800,Ethernet24,800000,103,Access,on
fanout_leaf09-800,Ethernet32,upscalelab2-spine9-800,Ethernet32,800000,104,Access,on
fanout_leaf09-800,Ethernet40,upscalelab2-spine9-800,Ethernet40,800000,105,Access,on
fanout_leaf09-800,Ethernet48,upscalelab2-spine9-800,Ethernet48,800000,106,Access,on
fanout_leaf09-800,Ethernet56,upscalelab2-spine9-800,Ethernet56,800000,107,Access,on
fanout_leaf09-800,Ethernet64,upscalelab2-spine9-800,Ethernet64,800000,108,Access,on
fanout_leaf09-800,Ethernet72,upscalelab2-spine9-800,Ethernet72,800000,109,Access,on
fanout_leaf09-800,Ethernet80,upscalelab2-spine9-800,Ethernet80,800000,110,Access,on
fanout_leaf09-800,Ethernet88,upscalelab2-spine9-800,Ethernet88,800000,111,Access,on
fanout_leaf09-800,Ethernet96,upscalelab2-spine9-800,Ethernet96,800000,112,Access,on
fanout_leaf09-800,Ethernet104,upscalelab2-spine9-800,Ethernet104,800000,113,Access,on
fanout_leaf09-800,Ethernet112,upscalelab2-spine9-800,Ethernet112,800000,114,Access,on
fanout_leaf09-800,Ethernet120,upscalelab2-spine9-800,Ethernet120,800000,115,Access,on
fanout_leaf09-800,Ethernet128,upscalelab2-spine9-800,Ethernet128,800000,116,Access,on
fanout_leaf09-800,Ethernet136,upscalelab2-spine9-800,Ethernet136,800000,117,Access,on
fanout_leaf09-800,Ethernet144,upscalelab2-spine9-800,Ethernet144,800000,118,Access,on
fanout_leaf09-800,Ethernet152,upscalelab2-spine9-800,Ethernet152,800000,119,Access,on
fanout_leaf09-800,Ethernet160,upscalelab2-spine9-800,Ethernet160,800000,120,Access,on
fanout_leaf09-800,Ethernet168,upscalelab2-spine9-800,Ethernet168,800000,121,Access,on
fanout_leaf09-800,Ethernet176,upscalelab2-spine9-800,Ethernet176,800000,122,Access,on
fanout_leaf09-800,Ethernet184,upscalelab2-spine9-800,Ethernet184,800000,123,Access,on
fanout_leaf09-800,Ethernet192,upscalelab2-spine9-800,Ethernet192,800000,124,Access,on
fanout_leaf09-800,Ethernet200,upscalelab2-spine9-800,Ethernet200,800000,125,Access,on
fanout_leaf09-800,Ethernet208,upscalelab2-spine9-800,Ethernet208,800000,126,Access,on
fanout_leaf09-800,Ethernet216,upscalelab2-spine9-800,Ethernet216,800000,127,Access,on
fanout_leaf09-800,Ethernet224,upscalelab2-spine9-800,Ethernet224,800000,128,Access,on
fanout_leaf09-800,Ethernet232,upscalelab2-spine9-800,Ethernet232,800000,129,Access,on
fanout_leaf09-800,Ethernet240,upscalelab2-spine9-800,Ethernet240,800000,130,Access,on
fanout_leaf09-800,Ethernet248,upscalelab2-spine9-800,Ethernet248,800000,131,Access,on
fanout_leaf09-800,Ethernet512,str-acs-serv-09,ens25f1,25000,100-131,Trunk,on
fanout_leaf06-400,Ethernet0,upscalelab2-spine6-400,Ethernet0,400000,100,Access,on
fanout_leaf06-400,Ethernet4,upscalelab2-spine6-400,Ethernet4,400000,101,Access,on
fanout_leaf06-400,Ethernet8,upscalelab2-spine6-400,Ethernet8,400000,102,Access,on
fanout_leaf06-400,Ethernet12,upscalelab2-spine6-400,Ethernet12,400000,103,Access,on
fanout_leaf06-400,Ethernet16,upscalelab2-spine6-400,Ethernet16,400000,104,Access,on
fanout_leaf06-400,Ethernet20,upscalelab2-spine6-400,Ethernet20,400000,105,Access,on
fanout_leaf06-400,Ethernet24,upscalelab2-spine6-400,Ethernet24,400000,106,Access,on
fanout_leaf06-400,Ethernet28,upscalelab2-spine6-400,Ethernet28,400000,107,Access,on
fanout_leaf06-400,Ethernet32,upscalelab2-spine6-400,Ethernet32,400000,108,Access,on
fanout_leaf06-400,Ethernet36,upscalelab2-spine6-400,Ethernet36,400000,109,Access,on
fanout_leaf06-400,Ethernet40,upscalelab2-spine6-400,Ethernet40,400000,110,Access,on
fanout_leaf06-400,Ethernet44,upscalelab2-spine6-400,Ethernet44,400000,111,Access,on
fanout_leaf06-400,Ethernet48,upscalelab2-spine6-400,Ethernet48,400000,112,Access,on
fanout_leaf06-400,Ethernet52,upscalelab2-spine6-400,Ethernet52,400000,113,Access,on
fanout_leaf06-400,Ethernet56,upscalelab2-spine6-400,Ethernet56,400000,114,Access,on
fanout_leaf06-400,Ethernet60,upscalelab2-spine6-400,Ethernet60,400000,115,Access,on
fanout_leaf06-400,Ethernet64,upscalelab2-spine6-400,Ethernet64,400000,116,Access,on
fanout_leaf06-400,Ethernet68,upscalelab2-spine6-400,Ethernet68,400000,117,Access,on
fanout_leaf06-400,Ethernet72,upscalelab2-spine6-400,Ethernet72,400000,118,Access,on
fanout_leaf06-400,Ethernet76,upscalelab2-spine6-400,Ethernet76,400000,119,Access,on
fanout_leaf06-400,Ethernet80,upscalelab2-spine6-400,Ethernet80,400000,120,Access,on
fanout_leaf06-400,Ethernet84,upscalelab2-spine6-400,Ethernet84,400000,121,Access,on
fanout_leaf06-400,Ethernet88,upscalelab2-spine6-400,Ethernet88,400000,122,Access,on
fanout_leaf06-400,Ethernet92,upscalelab2-spine6-400,Ethernet92,400000,123,Access,on
fanout_leaf06-400,Ethernet96,upscalelab2-spine6-400,Ethernet96,400000,124,Access,on
fanout_leaf06-400,Ethernet100,upscalelab2-spine6-400,Ethernet100,400000,125,Access,on
fanout_leaf06-400,Ethernet104,upscalelab2-spine6-400,Ethernet104,400000,126,Access,on
fanout_leaf06-400,Ethernet108,upscalelab2-spine6-400,Ethernet108,400000,127,Access,on
fanout_leaf06-400,Ethernet112,upscalelab2-spine6-400,Ethernet112,400000,128,Access,on
fanout_leaf06-400,Ethernet116,upscalelab2-spine6-400,Ethernet116,400000,129,Access,on
fanout_leaf06-400,Ethernet120,upscalelab2-spine6-400,Ethernet120,400000,130,Access,on
fanout_leaf06-400,Ethernet124,upscalelab2-spine6-400,Ethernet124,400000,131,Access,on
fanout_leaf06-400,Ethernet128,upscalelab2-spine6-400,Ethernet128,400000,132,Access,on
fanout_leaf06-400,Ethernet132,upscalelab2-spine6-400,Ethernet132,400000,133,Access,on
fanout_leaf06-400,Ethernet136,upscalelab2-spine6-400,Ethernet136,400000,134,Access,on
fanout_leaf06-400,Ethernet140,upscalelab2-spine6-400,Ethernet140,400000,135,Access,on
fanout_leaf06-400,Ethernet144,upscalelab2-spine6-400,Ethernet144,400000,136,Access,on
fanout_leaf06-400,Ethernet148,upscalelab2-spine6-400,Ethernet148,400000,137,Access,on
fanout_leaf06-400,Ethernet152,upscalelab2-spine6-400,Ethernet152,400000,138,Access,on
fanout_leaf06-400,Ethernet156,upscalelab2-spine6-400,Ethernet156,400000,139,Access,on
fanout_leaf06-400,Ethernet160,upscalelab2-spine6-400,Ethernet160,400000,140,Access,on
fanout_leaf06-400,Ethernet164,upscalelab2-spine6-400,Ethernet164,400000,141,Access,on
fanout_leaf06-400,Ethernet168,upscalelab2-spine6-400,Ethernet168,400000,142,Access,on
fanout_leaf06-400,Ethernet172,upscalelab2-spine6-400,Ethernet172,400000,143,Access,on
fanout_leaf06-400,Ethernet176,upscalelab2-spine6-400,Ethernet176,400000,144,Access,on
fanout_leaf06-400,Ethernet180,upscalelab2-spine6-400,Ethernet180,400000,145,Access,on
fanout_leaf06-400,Ethernet184,upscalelab2-spine6-400,Ethernet184,400000,146,Access,on
fanout_leaf06-400,Ethernet188,upscalelab2-spine6-400,Ethernet188,400000,147,Access,on
fanout_leaf06-400,Ethernet192,upscalelab2-spine6-400,Ethernet192,400000,148,Access,on
fanout_leaf06-400,Ethernet196,upscalelab2-spine6-400,Ethernet196,400000,149,Access,on
fanout_leaf06-400,Ethernet200,upscalelab2-spine6-400,Ethernet200,400000,150,Access,on
fanout_leaf06-400,Ethernet204,upscalelab2-spine6-400,Ethernet204,400000,151,Access,on
fanout_leaf06-400,Ethernet208,upscalelab2-spine6-400,Ethernet208,400000,152,Access,on
fanout_leaf06-400,Ethernet212,upscalelab2-spine6-400,Ethernet212,400000,153,Access,on
fanout_leaf06-400,Ethernet216,upscalelab2-spine6-400,Ethernet216,400000,154,Access,on
fanout_leaf06-400,Ethernet220,upscalelab2-spine6-400,Ethernet220,400000,155,Access,on
fanout_leaf06-400,Ethernet224,upscalelab2-spine6-400,Ethernet224,400000,156,Access,on
fanout_leaf06-400,Ethernet228,upscalelab2-spine6-400,Ethernet228,400000,157,Access,on
fanout_leaf06-400,Ethernet232,upscalelab2-spine6-400,Ethernet232,400000,158,Access,on
fanout_leaf06-400,Ethernet236,upscalelab2-spine6-400,Ethernet236,400000,159,Access,on
fanout_leaf06-400,Ethernet240,upscalelab2-spine6-400,Ethernet240,400000,160,Access,on
fanout_leaf06-400,Ethernet244,upscalelab2-spine6-400,Ethernet244,400000,161,Access,on
fanout_leaf06-400,Ethernet248,upscalelab2-spine6-400,Ethernet248,400000,162,Access,on
fanout_leaf06-400,Ethernet252,upscalelab2-spine6-400,Ethernet252,400000,163,Access,on
fanout_leaf06-400,Ethernet512,str-acs-serv-06,ens25f0np0,25000,100-163,Trunk,on
fanout_leaf07-400,Ethernet0,upscalelab2-spine7-400,Ethernet0,400000,100,Access,on
fanout_leaf07-400,Ethernet4,upscalelab2-spine7-400,Ethernet4,400000,101,Access,on
fanout_leaf07-400,Ethernet8,upscalelab2-spine7-400,Ethernet8,400000,102,Access,on
fanout_leaf07-400,Ethernet12,upscalelab2-spine7-400,Ethernet12,400000,103,Access,on
fanout_leaf07-400,Ethernet16,upscalelab2-spine7-400,Ethernet16,400000,104,Access,on
fanout_leaf07-400,Ethernet20,upscalelab2-spine7-400,Ethernet20,400000,105,Access,on
fanout_leaf07-400,Ethernet24,upscalelab2-spine7-400,Ethernet24,400000,106,Access,on
fanout_leaf07-400,Ethernet28,upscalelab2-spine7-400,Ethernet28,400000,107,Access,on
fanout_leaf07-400,Ethernet32,upscalelab2-spine7-400,Ethernet32,400000,108,Access,on
fanout_leaf07-400,Ethernet36,upscalelab2-spine7-400,Ethernet36,400000,109,Access,on
fanout_leaf07-400,Ethernet40,upscalelab2-spine7-400,Ethernet40,400000,110,Access,on
fanout_leaf07-400,Ethernet44,upscalelab2-spine7-400,Ethernet44,400000,111,Access,on
fanout_leaf07-400,Ethernet48,upscalelab2-spine7-400,Ethernet48,400000,112,Access,on
fanout_leaf07-400,Ethernet52,upscalelab2-spine7-400,Ethernet52,400000,113,Access,on
fanout_leaf07-400,Ethernet56,upscalelab2-spine7-400,Ethernet56,400000,114,Access,on
fanout_leaf07-400,Ethernet60,upscalelab2-spine7-400,Ethernet60,400000,115,Access,on
fanout_leaf07-400,Ethernet64,upscalelab2-spine7-400,Ethernet64,400000,116,Access,on
fanout_leaf07-400,Ethernet68,upscalelab2-spine7-400,Ethernet68,400000,117,Access,on
fanout_leaf07-400,Ethernet72,upscalelab2-spine7-400,Ethernet72,400000,118,Access,on
fanout_leaf07-400,Ethernet76,upscalelab2-spine7-400,Ethernet76,400000,119,Access,on
fanout_leaf07-400,Ethernet80,upscalelab2-spine7-400,Ethernet80,400000,120,Access,on
fanout_leaf07-400,Ethernet84,upscalelab2-spine7-400,Ethernet84,400000,121,Access,on
fanout_leaf07-400,Ethernet88,upscalelab2-spine7-400,Ethernet88,400000,122,Access,on
fanout_leaf07-400,Ethernet92,upscalelab2-spine7-400,Ethernet92,400000,123,Access,on
fanout_leaf07-400,Ethernet96,upscalelab2-spine7-400,Ethernet96,400000,124,Access,on
fanout_leaf07-400,Ethernet100,upscalelab2-spine7-400,Ethernet100,400000,125,Access,on
fanout_leaf07-400,Ethernet104,upscalelab2-spine7-400,Ethernet104,400000,126,Access,on
fanout_leaf07-400,Ethernet108,upscalelab2-spine7-400,Ethernet108,400000,127,Access,on
fanout_leaf07-400,Ethernet112,upscalelab2-spine7-400,Ethernet112,400000,128,Access,on
fanout_leaf07-400,Ethernet116,upscalelab2-spine7-400,Ethernet116,400000,129,Access,on
fanout_leaf07-400,Ethernet120,upscalelab2-spine7-400,Ethernet120,400000,130,Access,on
fanout_leaf07-400,Ethernet124,upscalelab2-spine7-400,Ethernet124,400000,131,Access,on
fanout_leaf07-400,Ethernet128,upscalelab2-spine7-400,Ethernet128,400000,132,Access,on
fanout_leaf07-400,Ethernet132,upscalelab2-spine7-400,Ethernet132,400000,133,Access,on
fanout_leaf07-400,Ethernet136,upscalelab2-spine7-400,Ethernet136,400000,134,Access,on
fanout_leaf07-400,Ethernet140,upscalelab2-spine7-400,Ethernet140,400000,135,Access,on
fanout_leaf07-400,Ethernet144,upscalelab2-spine7-400,Ethernet144,400000,136,Access,on
fanout_leaf07-400,Ethernet148,upscalelab2-spine7-400,Ethernet148,400000,137,Access,on
fanout_leaf07-400,Ethernet152,upscalelab2-spine7-400,Ethernet152,400000,138,Access,on
fanout_leaf07-400,Ethernet156,upscalelab2-spine7-400,Ethernet156,400000,139,Access,on
fanout_leaf07-400,Ethernet160,upscalelab2-spine7-400,Ethernet160,400000,140,Access,on
fanout_leaf07-400,Ethernet164,upscalelab2-spine7-400,Ethernet164,400000,141,Access,on
fanout_leaf07-400,Ethernet168,upscalelab2-spine7-400,Ethernet168,400000,142,Access,on
fanout_leaf07-400,Ethernet172,upscalelab2-spine7-400,Ethernet172,400000,143,Access,on
fanout_leaf07-400,Ethernet176,upscalelab2-spine7-400,Ethernet176,400000,144,Access,on
fanout_leaf07-400,Ethernet180,upscalelab2-spine7-400,Ethernet180,400000,145,Access,on
fanout_leaf07-400,Ethernet184,upscalelab2-spine7-400,Ethernet184,400000,146,Access,on
fanout_leaf07-400,Ethernet188,upscalelab2-spine7-400,Ethernet188,400000,147,Access,on
fanout_leaf07-400,Ethernet192,upscalelab2-spine7-400,Ethernet192,400000,148,Access,on
fanout_leaf07-400,Ethernet196,upscalelab2-spine7-400,Ethernet196,400000,149,Access,on
fanout_leaf07-400,Ethernet200,upscalelab2-spine7-400,Ethernet200,400000,150,Access,on
fanout_leaf07-400,Ethernet204,upscalelab2-spine7-400,Ethernet204,400000,151,Access,on
fanout_leaf07-400,Ethernet208,upscalelab2-spine7-400,Ethernet208,400000,152,Access,on
fanout_leaf07-400,Ethernet212,upscalelab2-spine7-400,Ethernet212,400000,153,Access,on
fanout_leaf07-400,Ethernet216,upscalelab2-spine7-400,Ethernet216,400000,154,Access,on
fanout_leaf07-400,Ethernet220,upscalelab2-spine7-400,Ethernet220,400000,155,Access,on
fanout_leaf07-400,Ethernet224,upscalelab2-spine7-400,Ethernet224,400000,156,Access,on
fanout_leaf07-400,Ethernet228,upscalelab2-spine7-400,Ethernet228,400000,157,Access,on
fanout_leaf07-400,Ethernet232,upscalelab2-spine7-400,Ethernet232,400000,158,Access,on
fanout_leaf07-400,Ethernet236,upscalelab2-spine7-400,Ethernet236,400000,159,Access,on
fanout_leaf07-400,Ethernet240,upscalelab2-spine7-400,Ethernet240,400000,160,Access,on
fanout_leaf07-400,Ethernet244,upscalelab2-spine7-400,Ethernet244,400000,161,Access,on
fanout_leaf07-400,Ethernet248,upscalelab2-spine7-400,Ethernet248,400000,162,Access,on
fanout_leaf07-400,Ethernet252,upscalelab2-spine7-400,Ethernet252,400000,163,Access,on
fanout_leaf07-400,Ethernet512,str-acs-serv-07,ens25f1np1,25000,100-163,Trunk,on
fanout_leaf09-400,Ethernet0,upscalelab2-spine9-400,Ethernet0,400000,100,Access,on
fanout_leaf09-400,Ethernet4,upscalelab2-spine9-400,Ethernet4,400000,101,Access,on
fanout_leaf09-400,Ethernet8,upscalelab2-spine9-400,Ethernet8,400000,102,Access,on
fanout_leaf09-400,Ethernet12,upscalelab2-spine9-400,Ethernet12,400000,103,Access,on
fanout_leaf09-400,Ethernet16,upscalelab2-spine9-400,Ethernet16,400000,104,Access,on
fanout_leaf09-400,Ethernet20,upscalelab2-spine9-400,Ethernet20,400000,105,Access,on
fanout_leaf09-400,Ethernet24,upscalelab2-spine9-400,Ethernet24,400000,106,Access,on
fanout_leaf09-400,Ethernet28,upscalelab2-spine9-400,Ethernet28,400000,107,Access,on
fanout_leaf09-400,Ethernet32,upscalelab2-spine9-400,Ethernet32,400000,108,Access,on
fanout_leaf09-400,Ethernet36,upscalelab2-spine9-400,Ethernet36,400000,109,Access,on
fanout_leaf09-400,Ethernet40,upscalelab2-spine9-400,Ethernet40,400000,110,Access,on
fanout_leaf09-400,Ethernet44,upscalelab2-spine9-400,Ethernet44,400000,111,Access,on
fanout_leaf09-400,Ethernet48,upscalelab2-spine9-400,Ethernet48,400000,112,Access,on
fanout_leaf09-400,Ethernet52,upscalelab2-spine9-400,Ethernet52,400000,113,Access,on
fanout_leaf09-400,Ethernet56,upscalelab2-spine9-400,Ethernet56,400000,114,Access,on
fanout_leaf09-400,Ethernet60,upscalelab2-spine9-400,Ethernet60,400000,115,Access,on
fanout_leaf09-400,Ethernet64,upscalelab2-spine9-400,Ethernet64,400000,116,Access,on
fanout_leaf09-400,Ethernet68,upscalelab2-spine9-400,Ethernet68,400000,117,Access,on
fanout_leaf09-400,Ethernet72,upscalelab2-spine9-400,Ethernet72,400000,118,Access,on
fanout_leaf09-400,Ethernet76,upscalelab2-spine9-400,Ethernet76,400000,119,Access,on
fanout_leaf09-400,Ethernet80,upscalelab2-spine9-400,Ethernet80,400000,120,Access,on
fanout_leaf09-400,Ethernet84,upscalelab2-spine9-400,Ethernet84,400000,121,Access,on
fanout_leaf09-400,Ethernet88,upscalelab2-spine9-400,Ethernet88,400000,122,Access,on
fanout_leaf09-400,Ethernet92,upscalelab2-spine9-400,Ethernet92,400000,123,Access,on
fanout_leaf09-400,Ethernet96,upscalelab2-spine9-400,Ethernet96,400000,124,Access,on
fanout_leaf09-400,Ethernet100,upscalelab2-spine9-400,Ethernet100,400000,125,Access,on
fanout_leaf09-400,Ethernet104,upscalelab2-spine9-400,Ethernet104,400000,126,Access,on
fanout_leaf09-400,Ethernet108,upscalelab2-spine9-400,Ethernet108,400000,127,Access,on
fanout_leaf09-400,Ethernet112,upscalelab2-spine9-400,Ethernet112,400000,128,Access,on
fanout_leaf09-400,Ethernet116,upscalelab2-spine9-400,Ethernet116,400000,129,Access,on
fanout_leaf09-400,Ethernet120,upscalelab2-spine9-400,Ethernet120,400000,130,Access,on
fanout_leaf09-400,Ethernet124,upscalelab2-spine9-400,Ethernet124,400000,131,Access,on
fanout_leaf09-400,Ethernet128,upscalelab2-spine9-400,Ethernet128,400000,132,Access,on
fanout_leaf09-400,Ethernet132,upscalelab2-spine9-400,Ethernet132,400000,133,Access,on
fanout_leaf09-400,Ethernet136,upscalelab2-spine9-400,Ethernet136,400000,134,Access,on
fanout_leaf09-400,Ethernet140,upscalelab2-spine9-400,Ethernet140,400000,135,Access,on
fanout_leaf09-400,Ethernet144,upscalelab2-spine9-400,Ethernet144,400000,136,Access,on
fanout_leaf09-400,Ethernet148,upscalelab2-spine9-400,Ethernet148,400000,137,Access,on
fanout_leaf09-400,Ethernet152,upscalelab2-spine9-400,Ethernet152,400000,138,Access,on
fanout_leaf09-400,Ethernet156,upscalelab2-spine9-400,Ethernet156,400000,139,Access,on
fanout_leaf09-400,Ethernet160,upscalelab2-spine9-400,Ethernet160,400000,140,Access,on
fanout_leaf09-400,Ethernet164,upscalelab2-spine9-400,Ethernet164,400000,141,Access,on
fanout_leaf09-400,Ethernet168,upscalelab2-spine9-400,Ethernet168,400000,142,Access,on
fanout_leaf09-400,Ethernet172,upscalelab2-spine9-400,Ethernet172,400000,143,Access,on
fanout_leaf09-400,Ethernet176,upscalelab2-spine9-400,Ethernet176,400000,144,Access,on
fanout_leaf09-400,Ethernet180,upscalelab2-spine9-400,Ethernet180,400000,145,Access,on
fanout_leaf09-400,Ethernet184,upscalelab2-spine9-400,Ethernet184,400000,146,Access,on
fanout_leaf09-400,Ethernet188,upscalelab2-spine9-400,Ethernet188,400000,147,Access,on
fanout_leaf09-400,Ethernet192,upscalelab2-spine9-400,Ethernet192,400000,148,Access,on
fanout_leaf09-400,Ethernet196,upscalelab2-spine9-400,Ethernet196,400000,149,Access,on
fanout_leaf09-400,Ethernet200,upscalelab2-spine9-400,Ethernet200,400000,150,Access,on
fanout_leaf09-400,Ethernet204,upscalelab2-spine9-400,Ethernet204,400000,151,Access,on
fanout_leaf09-400,Ethernet208,upscalelab2-spine9-400,Ethernet208,400000,152,Access,on
fanout_leaf09-400,Ethernet212,upscalelab2-spine9-400,Ethernet212,400000,153,Access,on
fanout_leaf09-400,Ethernet216,upscalelab2-spine9-400,Ethernet216,400000,154,Access,on
fanout_leaf09-400,Ethernet220,upscalelab2-spine9-400,Ethernet220,400000,155,Access,on
fanout_leaf09-400,Ethernet224,upscalelab2-spine9-400,Ethernet224,400000,156,Access,on
fanout_leaf09-400,Ethernet228,upscalelab2-spine9-400,Ethernet228,400000,157,Access,on
fanout_leaf09-400,Ethernet232,upscalelab2-spine9-400,Ethernet232,400000,158,Access,on
fanout_leaf09-400,Ethernet236,upscalelab2-spine9-400,Ethernet236,400000,159,Access,on
fanout_leaf09-400,Ethernet240,upscalelab2-spine9-400,Ethernet240,400000,160,Access,on
fanout_leaf09-400,Ethernet244,upscalelab2-spine9-400,Ethernet244,400000,161,Access,on
fanout_leaf09-400,Ethernet248,upscalelab2-spine9-400,Ethernet248,400000,162,Access,on
fanout_leaf09-400,Ethernet252,upscalelab2-spine9-400,Ethernet252,400000,163,Access,on
fanout_leaf09-400,Ethernet512,str-acs-serv-09,ens25f1,25000,100-163,Trunk,on
